{"cameraMode":{"drawMode":0,"name":"Shaded","section":"Shading Mode"},"sceneLighting":true,"audioPlay":false,"sceneViewState":{"showFog":true,"showMaterialUpdate":false,"showSkybox":true,"showFlares":true,"showImageEffects":true,"showParticleSystems":true},"in2DMode":false,"pivot":{"x":-15.26738452911377,"y":-2.5248498916625978,"z":-2.0353965759277345},"rotation":{"x":0.047764092683792117,"y":-0.9517070651054382,"z":0.23018835484981538,"w":0.1974901556968689},"size":13.142110824584961,"orthographic":false}